actor,movie_or_TV_name
Kim Woo Jin,Vincenzo
Kim Woo Jin,Where Stars Land
Kim Woo Jin,Goblin
Kim Baek Ri,Dali & Cocky Prince
Kim Baek Ri,Goblin
Lee El,Happy Battle
Lee El,Following
Lee El,My Liberation Notes
Lee El,Yaksha: Ruthless Operations
Lee El,Love and Leashes
Lee El,Heaven: To The Land of Happiness
Lee El,Beauty and the Beast
Lee El,The Call
Lee El,Sixth Sense
Lee El,The Night View of the Ocean in Yeosu
Lee El,When the Devil Calls Your Name
Lee El,Scent of a Ghost
Lee El,The Drug King
Lee El,Matrimonial Chaos
Lee El,What a Man Wants
Lee El,A Korean Odyssey
Lee El,Black
Lee El,Goblin
Lee El,Entourage
Lee El,Monster
Lee El,Men on a Mission
Lee El,Imaginary Cat
Lee El,Inside Men
Lee El,I Remember You
Lee El,My Beautiful Bride
Lee El,Divorce Lawyer in Love
Lee El,Maids
Lee El,Liar Game
Lee El,Man on High Heels
Lee El,One Thing She Doesn't Have
Lee El,Swine Escape
Lee El,7th Grade Civil Servant
Lee El,Masquerade
Lee El,Pacemaker
Lee El,Wild Romance
Lee El,SNL Korea
Lee El,Detectives in Trouble
Lee El,Athena: Goddess of War
Lee El,White Christmas
Lee El,The Yellow Sea
Lee El,Secret
Yoo In-na,보라! 데보라
Yoo In-na,아바드림
Yoo In-na,Chain Reaction
Yoo In-na,우리_사이
Yoo In-na,Together Rewind
Yoo In-na,Snowdrop
Yoo In-na,Sinabro Dream Operator
Yoo In-na,2021 Changwon K-Pop World Festival
Yoo In-na,베르나르 베르베르의 고양이 사전
Yoo In-na,New Year Blues
Yoo In-na,The Spies Who Loved Me
Yoo In-na,Love of 7.7 Billion
Yoo In-na,Mr. Zoo: The Missing VIP
Yoo In-na,Funding Together
Yoo In-na,Get It Beauty 2019
Yoo In-na,Touch Your Heart
Yoo In-na,YG Future Strategy Office
Yoo In-na,Cafe Amor
Yoo In-na,House of the Disappeared
Yoo In-na,Goblin
Yoo In-na,One More Happy Ending
Yoo In-na,The Secret Message
Yoo In-na,My Secret Hotel
Yoo In-na,My Love From Another Star
Yoo In-na,"You're the Best, Lee Soon Shin"
Yoo In-na,Queen In Hyun's Man
Yoo In-na,Love Fiction
Yoo In-na,Birdie Buddy
Yoo In-na,The Greatest Love
Yoo In-na,Little Black Dress
Yoo In-na,Secret Garden
Yoo In-na,Heroes
Yoo In-na,High Kick Through The Roof
Yoo In-na,1 Night 2 Days
Yoon Kyung-ho,A Desperate Pursuit
Yoon Kyung-ho,A Birth
Yoon Kyung-ho,Honest Candidate 2
Yoon Kyung-ho,Seoul Vibe
Yoon Kyung-ho,Alienoid
Yoon Kyung-ho,Cleaning Up
Yoon Kyung-ho,Toxic
Yoon Kyung-ho,Green Mothers' Club
Yoon Kyung-ho,All of Us Are Dead
Yoon Kyung-ho,The Prayer
Yoon Kyung-ho,Crime Puzzle
Yoon Kyung-ho,My Name
Yoon Kyung-ho,Escape from Mogadishu
Yoon Kyung-ho,Kids Are Fine
Yoon Kyung-ho,The Book of Fish
Yoon Kyung-ho,Unexpected Business
Yoon Kyung-ho,Awaken
Yoon Kyung-ho,SF8
Yoon Kyung-ho,Manxin
Yoon Kyung-ho,Team Bulldog: Off-Duty Investigation
Yoon Kyung-ho,Honest Candidate
Yoon Kyung-ho,Itaewon Class
Yoon Kyung-ho,Human Luwak
Yoon Kyung-ho,Start-Up
Yoon Kyung-ho,Crazy Romance
Yoon Kyung-ho,When the Devil Calls Your Name
Yoon Kyung-ho,Juror 8
Yoon Kyung-ho,Confession
Yoon Kyung-ho,Svaha: The Sixth Finger
Yoon Kyung-ho,MAL·MO·E: The Secret Mission
Yoon Kyung-ho,The Crowned Clown
Yoon Kyung-ho,Intimate Strangers
Yoon Kyung-ho,"My Room, Row 1"
Yoon Kyung-ho,Drama Stage
Yoon Kyung-ho,Witch's Court
Yoon Kyung-ho,The Battleship Island
Yoon Kyung-ho,Okja
Yoon Kyung-ho,Real
Yoon Kyung-ho,Duel
Yoon Kyung-ho,Blue Busking
Yoon Kyung-ho,My Little Brother
Yoon Kyung-ho,Goblin
Yoon Kyung-ho,Run-Off
Yoon Kyung-ho,Knocking On The Door of Your Heart
Yoon Kyung-ho,A Violent Prosecutor
Yoon Kyung-ho,The Accidental Detective
Yoon Kyung-ho,Kundo: Age of the Rampant
Yoon Kyung-ho,The Plan Man
Yoon Kyung-ho,I Am The King
Yoon Kyung-ho,Punch
Yoon Kyung-ho,The Last Blossom
Yoon Kyung-ho,Wedding Dress
Yoon Kyung-ho,Daytime Drinking
Jung Hae-in,Veteran 2
Jung Hae-in,Connect
Jung Hae-in,Snowdrop
Jung Hae-in,Unframed
Jung Hae-in,D.P.
Jung Hae-in,P1H: The Beginning of a New World
Jung Hae-in,House on Wheels
Jung Hae-in,A Piece of Your Mind
Jung Hae-in,Start-Up
Jung Hae-in,Jung Hae In's Travel Log
Jung Hae-in,Tune in for Love
Jung Hae-in,Funding Together
Jung Hae-in,How Do You Play?
Jung Hae-in,One Spring Night
Jung Hae-in,Bears
Jung Hae-in,May Food Bless You
Jung Hae-in,Something in the Rain
Jung Hae-in,Heung-boo: The Revolutionist
Jung Hae-in,The Age of Blood
Jung Hae-in,Prison Playbook
Jung Hae-in,While You Were Sleeping
Jung Hae-in,Begin Again
Jung Hae-in,The King's Case Note
Jung Hae-in,Goblin
Jung Hae-in,White Nights
Jung Hae-in,The Moon of Seoul
Jung Hae-in,"Yeah, That's How It Is"
Jung Hae-in,Reply 1988
Jung Hae-in,Salut d'Amour
Jung Hae-in,Blood
Jung Hae-in,The Youth
Jung Hae-in,The Three Musketeers
Jung Hae-in,Bride of the Century
Jung Hae-in,Home Alone
Jung Hae-in,Mnet Asian Music Awards
Jo Woo-jin,Bulk
Jo Woo-jin,Alienoid: Part 2
Jo Woo-jin,Harbin
Jo Woo-jin,Boss
Jo Woo-jin,Hero
Jo Woo-jin,Narco-Saints
Jo Woo-jin,Hunt
Jo Woo-jin,Alienoid
Jo Woo-jin,Kingmaker
Jo Woo-jin,Happiness
Jo Woo-jin,Hard Hit
Jo Woo-jin,Seobok: Project Clone
Jo Woo-jin,The Book of Fish
Jo Woo-jin,Collectors
Jo Woo-jin,Steel Rain 2: Summit
Jo Woo-jin,Show!terview with Jessi
Jo Woo-jin,The Battle: Roar to Victory
Jo Woo-jin,Money
Jo Woo-jin,Trade Your Love
Jo Woo-jin,The Drug King
Jo Woo-jin,Default
Jo Woo-jin,Rampant
Jo Woo-jin,Mr. Sunshine
Jo Woo-jin,1987: When the Day Comes
Jo Woo-jin,Steel Rain
Jo Woo-jin,Drama Stage
Jo Woo-jin,The Bros
Jo Woo-jin,The Fortress
Jo Woo-jin,V.I.P.
Jo Woo-jin,Real
Jo Woo-jin,The Sheriff In Town
Jo Woo-jin,Chicago Typewriter
Jo Woo-jin,One-Line
Jo Woo-jin,The King
Jo Woo-jin,Goblin
Jo Woo-jin,Squad 38
Jo Woo-jin,Elephant in the Room
Jo Woo-jin,Inside Men
Jo Woo-jin,Secret Door
Jo Woo-jin,Venus Talk
Jo Woo-jin,Swine Escape
Jo Woo-jin,Love On-Air
Jo Woo-jin,War of the Arrows
Jo Woo-jin,Mama
Kim Seong-gyeom,Goblin
Kim Seong-gyeom,Wedding Campaign
Kim Seong-gyeom,Reversal of Fortune
Kim Seong-gyeom,Roses and Bean Sprouts
Kim Seong-gyeom,Mayonnaise
Kim Seong-gyeom,제4공화국
Kim Seong-gyeom,How to Top My Wife
Kim Seong-gyeom,Beasts of Prey
Kim Seong-gyeom,Hunting for Idiots
Kim Seong-gyeom,Lightning Atom
Park Se-wan,Life Is Beautiful
Park Se-wan,6/45
Park Se-wan,"Alice, the Final Weapon"
Park Se-wan,So Not Worth It
Park Se-wan,Collectors
Park Se-wan,Never Twice
Park Se-wan,Joseon Survival
Park Se-wan,No Mercy
Park Se-wan,Just Dance
Park Se-wan,Too Bright Outside for Love
Park Se-wan,Omok Girl
Park Se-wan,Marry Me Now
Park Se-wan,I Am Not a Robot
Park Se-wan,Drama Stage
Park Se-wan,School 2017
Park Se-wan,Radiant Office
Park Se-wan,Goblin
Park Se-wan,The Red Teacher
Park Se-wan,Fente
Park Se-wan,KBS Drama Special
Ahn Ji-Hyun,When Time Stopped
Ahn Ji-Hyun,Time
Ahn Ji-Hyun,Goblin
Ahn Ji-Hyun,The devil rider
Ahn Ji-Hyun,Secret Love
Ahn Ji-Hyun,Adolescence Medley
Ahn Ji-Hyun,Texas Hit
Yook Sung-jae,The Golden Spoon
Yook Sung-jae,Born to BTOB
Yook Sung-jae,Mystic Pop-up Bar
Yook Sung-jae,예쁘장한 구오즈
Yook Sung-jae,[M2 스페셜] MPD 직캠
Yook Sung-jae,Idol Room
Yook Sung-jae,Busted!
Yook Sung-jae,Master In The House
Yook Sung-jae,Goblin
Yook Sung-jae,Let's Eat Dinner Together
Yook Sung-jae,Remember That
Yook Sung-jae,Celebrity Bromance
Yook Sung-jae,Men on a Mission
Yook Sung-jae,Way Back Home
Yook Sung-jae,The Village: Achiara's Secret
Yook Sung-jae,It's Okay
Yook Sung-jae,Who Are You: School 2015
Yook Sung-jae,형돈이와 대준이의 히트제조기 빅병
Yook Sung-jae,Plus Nine Boys
Yook Sung-jae,Hitmaker
Yook Sung-jae,Reply 1994
Yook Sung-jae,The Heirs
Yook Sung-jae,Monstar
Yook Sung-jae,Home Alone
Yook Sung-jae,Law of the Jungle
Yook Sung-jae,You Hee-yeol's Sketchbook
Yook Sung-jae,We Got Married
Jo Hyun-sik,Tomb of the River
Jo Hyun-sik,I Am Home
Jo Hyun-sik,Hotel Del Luna
Jo Hyun-sik,The Nokdu Flower
Jo Hyun-sik,My Strange Hero
Jo Hyun-sik,Feng Shui
Jo Hyun-sik,100 Days My Prince
Jo Hyun-sik,Still 17
Jo Hyun-sik,The Chase
Jo Hyun-sik,20th Century Boy and Girl
Jo Hyun-sik,Chief Kim
Jo Hyun-sik,Goblin
Jo Hyun-sik,Doctors
Jo Hyun-sik,Another Miss Oh
Jo Hyun-sik,Love & Secret
Jo Hyun-sik,Incomplete Life
Ryu Tae-ho,365: Repeat the Year
Ryu Tae-ho,"The Gangster, the Cop, the Devil"
Ryu Tae-ho,Less than Evil
Ryu Tae-ho,Default
Ryu Tae-ho,Lovely Horribly
Ryu Tae-ho,Method
Ryu Tae-ho,A Taxi Driver
Ryu Tae-ho,Goblin
Ryu Tae-ho,Incomplete Life
Ryu Tae-ho,Beyond the Years
Ryu Tae-ho,Lee Dae-ro Can't Die
Ryu Tae-ho,Memories of Murder
Ryu Tae-ho,Ghost Mama
Ryu Tae-ho,A Petal
Ryu Tae-ho,Dr. Bong
Park Hee-von,Silence
Park Hee-von,Happiness
Park Hee-von,Secret Boutique
Park Hee-von,Top Management
Park Hee-von,Familiar Wife
Park Hee-von,Just Between Lovers
Park Hee-von,Drama Stage
Park Hee-von,Argon
Park Hee-von,One Day
Park Hee-von,Super Family
Park Hee-von,Goblin
Park Hee-von,Like for Likes
Park Hee-von,Lily Fever
Park Hee-von,Bubblegum
Park Hee-von,Let's Eat With My Friends
Park Hee-von,Alive
Park Hee-von,The Producers
Park Hee-von,Fated to Love You
Park Hee-von,The Fake
Park Hee-von,The Cravings
Park Hee-von,Master's Sun
Park Hee-von,Incomplete Life: Prequel
Park Hee-von,Jury
Park Hee-von,Modern Family
Park Hee-von,Circle of Crime
Park Hee-von,Family
Park Hee-von,All About My Wife
Park Hee-von,Let Me Out
Park Hee-von,The King of Pigs
Park Hee-von,Dr. Jump
Park Hee-von,The Last Blossom
Park Hee-von,Pitpat Wing Chun
Park Hee-von,God's Quiz
Park Hee-von,Grand Prix
Park Hee-von,Read My Lips
Park Hee-von,"Billie Jean, Look at Me"
Park Hee-von,Real Romance Love Letter
Park Hee-von,Nonstop
Park Hee-von,할 수 있는 자가 구하라
Park Hee-von,Dr. Jump
Yoon Da-Young,The All-Round Wife
Yoon Da-Young,The Witch's Diner
Yoon Da-Young,"Rich Man, Poor Woman"
Yoon Da-Young,Dal Soon's Spring
Yoon Da-Young,Lookout
Yoon Da-Young,Goblin
Yoon Da-Young,Operation Chromite
Kim So-hyun,Is It a Coincidence?
Kim So-hyun,Useless Lies
Kim So-hyun,River Where the Moon Rises
Kim So-hyun,The Tale of Nokdu
Kim So-hyun,Love Alarm
Kim So-hyun,Under Nineteen
Kim So-hyun,Radio Romance
Kim So-hyun,While You Were Sleeping
Kim So-hyun,The Emperor: Owner of the Mask
Kim So-hyun,Goblin
Kim So-hyun,The Last Princess
Kim So-hyun,"Bring It On, Ghost"
Kim So-hyun,Page Turner
Kim So-hyun,Nightmare Teacher
Kim So-hyun,Unforgettable
Kim So-hyun,Who Are You: School 2015
Kim So-hyun,The Girl Who Sees Smells
Kim So-hyun,We All Cry Differently
Kim So-hyun,Reset
Kim So-hyun,Triangle
Kim So-hyun,The Suspicious Housekeeper
Kim So-hyun,Killer Toon
Kim So-hyun,I Hear Your Voice
Kim So-hyun,Birth Secret
Kim So-hyun,Missing You
Kim So-hyun,Ma Boy
Kim So-hyun,I Am The King
Kim So-hyun,Rooftop Prince
Kim So-hyun,The Moon Embracing the Sun
Kim So-hyun,"Padam, Padam... The Sound of His and Her Heartbeats"
Kim So-hyun,spy papa
Kim So-hyun,Sin of a Family
Kim So-hyun,The Thorn Birds
Kim So-hyun,Running Man
Kim So-hyun,Man of Vendetta
Kim So-hyun,"King of Baking, Kim Tak Goo"
Kim So-hyun,Show! Music Core
Kim So-hyun,KBS Drama Awards
Kim Min-jae,Poong The Joseon Psychiatrist
Kim Min-jae,Dali & Cocky Prince
Kim Min-jae,Do You Like Brahms?
Kim Min-jae,Flower Crew: Joseon Marriage Agency
Kim Min-jae,Feng Shui
Kim Min-jae,Mr. Sunshine
Kim Min-jae,Love+Sling
Kim Min-jae,Busted!
Kim Min-jae,Tempted
Kim Min-jae,내 사람친구의 연애
Kim Min-jae,The Best Hit
Kim Min-jae,Goblin
Kim Min-jae,Dr. Romantic
Kim Min-jae,My Little Baby
Kim Min-jae,Celebrity Bromance
Kim Min-jae,Men on a Mission
Kim Min-jae,My First Time
Kim Min-jae,Twenty Again
Kim Min-jae,The Producers
Kim Min-jae,Running Man
Park Kyung-hye,이 연애는 불가항력
Park Kyung-hye,Smuggle
Park Kyung-hye,Love in Contract
Park Kyung-hye,Limit
Park Kyung-hye,Re-BORN
Park Kyung-hye,Escape from Mogadishu
Park Kyung-hye,My Roommate Is a Gumiho
Park Kyung-hye,Unexpected Business
Park Kyung-hye,"Love, Again"
Park Kyung-hye,Maggie
Park Kyung-hye,"Spring, Again"
Park Kyung-hye,My Fellow Citizens
Park Kyung-hye,Touch Your Heart
Park Kyung-hye,The Dude in Me
Park Kyung-hye,The Drug King
Park Kyung-hye,1987: When the Day Comes
Park Kyung-hye,Distorted
Park Kyung-hye,Bowling Bling
Park Kyung-hye,Goblin
Park Kyung-hye,Jane
Park Kyung-hye,That Sun in the Sky
Park Kyung-hye,Tong: Memories
Park Kyung-hye,Big Match
Park Kyung-hye,Hwayi: A Monster Boy
Park Kyung-hye,See You Tomorrow
Park Kyung-hye,Running Man
Park Kyung-hye,Radio Star
Lee Dong-wook,킬러들의 쇼핑몰
Lee Dong-wook,착한 사나이
Lee Dong-wook,Tale of the Nine Tailed 1938
Lee Dong-wook,Harbin
Lee Dong-wook,Single in Seoul
Lee Dong-wook,Just an Excuse
Lee Dong-wook,A Year-End Medley
Lee Dong-wook,Bad and Crazy
Lee Dong-wook,Meenoi's Yorizori
Lee Dong-wook,Sea of Hope
Lee Dong-wook,The Game Caterers
Lee Dong-wook,Tale of the Nine Tailed
Lee Dong-wook,Because I Want to Talk
Lee Dong-wook,Strangers From Hell
Lee Dong-wook,Search: WWW
Lee Dong-wook,Produce X 101
Lee Dong-wook,Touch Your Heart
Lee Dong-wook,You Quiz On The Block
Lee Dong-wook,Life
Lee Dong-wook,Goblin
Lee Dong-wook,더 바디쇼
Lee Dong-wook,Bubblegum
Lee Dong-wook,The Beauty Inside
Lee Dong-wook,Blade Man
Lee Dong-wook,Roommate
Lee Dong-wook,Hotel King
Lee Dong-wook,The Story of Kang Gu
Lee Dong-wook,The Fugitive of Joseon
Lee Dong-wook,Wild Romance
Lee Dong-wook,Scent of a Woman
Lee Dong-wook,The Recipe
Lee Dong-wook,Running Man
Lee Dong-wook,Strong Heart
Lee Dong-wook,Partner
Lee Dong-wook,Heartbreak Library
Lee Dong-wook,La Dolce Vita
Lee Dong-wook,The Perfect Couple
Lee Dong-wook,Arang
Lee Dong-wook,My Girl
Lee Dong-wook,Hanoi Bride
Lee Dong-wook,Infinite Challenge
Lee Dong-wook,Precious Family
Lee Dong-wook,회전목마
Lee Dong-wook,Land of Wine
Lee Dong-wook,똑바로 살아라
Lee Dong-wook,Loving You
Lee Dong-wook,레츠고
Lee Dong-wook,Secret
Lee Dong-wook,학교 2
Lee Dong-wook,SBS Drama Awards
Lee Dong-wook,Batman Beyond: The Movie
Kim Byung-chul,Dr. Cha Jung-sook
Kim Byung-chul,All of Us Are Dead
Kim Byung-chul,Sinkhole
Kim Byung-chul,Sisyphus
Kim Byung-chul,Best Friend
Kim Byung-chul,House on Wheels
Kim Byung-chul,"Vroom, Vroom, Pegasus Market"
Kim Byung-chul,Pegasus Market
Kim Byung-chul,Doctor Prisoner
Kim Byung-chul,SKY Castle
Kim Byung-chul,The Backstreet Noir
Kim Byung-chul,Mr. Sunshine
Kim Byung-chul,Amazing Saturday
Kim Byung-chul,The Discloser
Kim Byung-chul,The Emperor: Owner of the Mask
Kim Byung-chul,Tunnel
Kim Byung-chul,Goblin
Kim Byung-chul,Shopaholic Louis
Kim Byung-chul,Musudan
Kim Byung-chul,Descendants of the Sun
Kim Byung-chul,Wonderful Nightmare
Kim Byung-chul,Missing Noir M
Kim Byung-chul,Miss GO
Kim Byung-chul,Baeksang Arts Awards
Kim Byung-chul,Quick
Kim Byung-chul,Scarlet Letter
Kim Byung-chul,On the Pitch
Kim Byung-chul,Twilight Gangsters
Kim Byung-chul,Private Eye
Kim Byung-chul,The Guard Post
Kim Byung-chul,Punch Lady
Kim Byung-chul,Return
Kim Byung-chul,Hwang Jin Yi
Kim Byung-chul,Bunt
Kim Byung-chul,The Hell (Two Kinds of Life)
Kim Byung-chul,R-Point
Kim Byung-chul,Once Upon a Time in a Battlefield
Kim Go-eun,The Unearthed Grave
Kim Go-eun,Hero
Kim Go-eun,Little Women
Kim Go-eun,Yumi's Cells
Kim Go-eun,Meenoi's Yorizori
Kim Go-eun,Sea of Hope
Kim Go-eun,The Game Caterers
Kim Go-eun,Untact
Kim Go-eun,The King: Eternal Monarch
Kim Go-eun,Tune in for Love
Kim Go-eun,Hit-and-Run Squad
Kim Go-eun,Your Song
Kim Go-eun,You Quiz On The Block
Kim Go-eun,Sunset in My Hometown
Kim Go-eun,Begin Again
Kim Go-eun,Goblin
Kim Go-eun,Canola
Kim Go-eun,Cheese in the Trap
Kim Go-eun,The Advocate: A Missing Body
Kim Go-eun,Memories of the Sword
Kim Go-eun,Coin Locker Girl
Kim Go-eun,Monster
Kim Go-eun,Neverdie Butterfly
Kim Go-eun,Baeksang Arts Awards
Kim Go-eun,Eungyo
Go Bo-gyeol,Snow White Must Die
Go Bo-gyeol,The Heavenly Idol
Go Bo-gyeol,"Hi Bye, Mama!"
Go Bo-gyeol,Arthdal Chronicles
Go Bo-gyeol,Hymn of Death
Go Bo-gyeol,Forgotten Season
Go Bo-gyeol,Mother
Go Bo-gyeol,Drama Stage
Go Bo-gyeol,Go Back Couple
Go Bo-gyeol,Beloved
Go Bo-gyeol,Queen For Seven Days
Go Bo-gyeol,Curtain Call
Go Bo-gyeol,Goblin
Go Bo-gyeol,Grand Father
Go Bo-gyeol,Cinderella and Four Knights
Go Bo-gyeol,Dear My Friends
Go Bo-gyeol,Bubblegum
Go Bo-gyeol,The Producers
Go Bo-gyeol,Where is my DVD?
Go Bo-gyeol,turtles
Go Bo-gyeol,Running Man
Go Bo-gyeol,KBS Drama Special
Gong Yoo,Wonderland
Gong Yoo,The Silent Sea
Gong Yoo,Squid Game
Gong Yoo,Seobok: Project Clone
Gong Yoo,The Game Caterers
Gong Yoo,My Dear Youth - Coffee Prince
Gong Yoo,Because I Want to Talk
Gong Yoo,"Kim Ji-young, Born 1982"
Gong Yoo,You Quiz On The Block
Gong Yoo,Goblin
Gong Yoo,The Age of Shadows
Gong Yoo,Train to Busan
Gong Yoo,A Man and a Woman
Gong Yoo,The Suspect
Gong Yoo,Big
Gong Yoo,Baeksang Arts Awards
Gong Yoo,Silenced
Gong Yoo,Finding Mr. Destiny
Gong Yoo,Running Man
Gong Yoo,You Hee-yeol's Sketchbook
Gong Yoo,Coffee Prince
Gong Yoo,Yakuza: Like a Dragon
Gong Yoo,One Fine Day
Gong Yoo,Hello My Teacher
Gong Yoo,She's on Duty
Gong Yoo,S Diary
Gong Yoo,Superstar Gam Sa-yong
Gong Yoo,Spy Girl
Gong Yoo,Screen
Gong Yoo,My Tutor Friend
Gong Yoo,School 4
Choi Woong,Move to Mind
Choi Woong,No Matter What
Choi Woong,Money Game
Choi Woong,I Hate You Juliet
Choi Woong,Wish Woosh
Choi Woong,Fighter Choi Kang-soon
Choi Woong,Duel
Choi Woong,Goblin
Choi Woong,Descendants of the Sun
